[
  {
    "head": "ELLERY X M'O CAPSULE",
    "description": "Lorem ipsum dolor, sit amet consectetur adipisicing elit. Recusandae quae voluptatem, cum ut enim soluta.",
    "price": "$52.20",
    "image": "https://random.imagecdn.app/100/108"
  },
  {
    "head": "ELLERY X M'O CAPSULE",
    "description": "Known for her sculptural takes on traditional tailoring, Australian arbiter of cool Kym Ellery teams up with Moda Operandi.",
    "price": "$61.00",
    "image": "https://random.imagecdn.app/100/107"
  },
  {
    "head": "ELLERY X M'O CAPSULE",
    "description": "Lorem ipsum dolor, sit amet consectetur adipisicing elit. Recusandae quae voluptatem, cum ut enim soluta.",
    "price": "$22.00",
    "image": "https://random.imagecdn.app/100/106"
  },
  {
    "head": "ELLERY X M'O CAPSULE",
    "description": "Lorem ipsum dolor, sit amet consectetur adipisicing elit. Recusandae quae voluptatem, cum ut enim soluta.",
    "price": "$38.00",
    "image": "https://random.imagecdn.app/100/105"
  },
  {
    "head": "ELLERY X M'O CAPSULE",
    "description": " Worldwide delivery on all. Authorit tively morph next-generation innov tion with extensive models.",
    "price": "$19.00",
    "image": "https://random.imagecdn.app/100/104"
  },
  {
    "head": "ELLERY X M'O CAPSULE",
    "description": "Known for her sculptural takes on traditional tailoring, Australian arbiter of cool Kym Ellery teams up with Moda Operandi.",
    "price": "$27.00",
    "image": "https://random.imagecdn.app/100/103"
  },
  {
    "head": "RANDOM ITEM #1",
    "description": "Known for her sculptural takes on traditional tailoring, Australian arbiter of cool Kym Ellery teams up with Moda Operandi.",
    "price": "$00.00",
    "image": "https://random.imagecdn.app/100/113"
  },
  {
    "head": "RANDOM ITEM #2",
    "description": "Known for her sculptural takes on traditional tailoring, Australian arbiter of cool Kym Ellery teams up with Moda Operandi.",
    "price": "$00.00",
    "image": "https://random.imagecdn.app/100/111"
  },
  {
    "head": "RANDOM ITEM #3",
    "description": "Known for her sculptural takes on traditional tailoring, Australian arbiter of cool Kym Ellery teams up with Moda Operandi.",
    "price": "$00.00",
    "image": "https://random.imagecdn.app/100/112"
  }
]